datetime,adj_close,close,high,low,open,volume,symbol
2026-09-01 09:15:00+05:30,1281.0,1281.0,1286.0,1280.0,1285.0,0,RELIANCE
2026-09-01 09:16:00+05:30,1283.0,1283.0,1284.0999755859375,1280.5,1280.5,145878,RELIANCE
2026-09-01 09:17:00+05:30,1283.300048828125,1283.300048828125,1283.5999755859375,1282.199951171875,1282.800048828125,111964,RELIANCE
2026-09-01 09:18:00+05:30,1283.0,1283.0,1284.4000244140625,1282.800048828125,1282.9000244140625,200539,RELIANCE
2026-09-01 09:19:00+05:30,1284.199951171875,1284.199951171875,1285.800048828125,1283.0999755859375,1283.199951171875,173310,RELIANCE
2026-09-01 09:20:00+05:30,1285.5,1285.5,1285.800048828125,1283.9000244140625,1284.9000244140625,57798,RELIANCE
2026-09-01 09:21:00+05:30,1286.5,1286.5,1287.800048828125,1285.5,1285.699951171875,91548,RELIANCE
2026-09-01 09:22:00+05:30,1287.199951171875,1287.199951171875,1288.9000244140625,1286.699951171875,1286.9000244140625,95202,RELIANCE
2026-09-01 09:23:00+05:30,1287.800048828125,1287.800048828125,1289.0,1286.9000244140625,1286.9000244140625,109871,RELIANCE
2026-09-01 09:24:00+05:30,1290.9000244140625,1290.9000244140625,1291.9000244140625,1288.199951171875,1288.199951171875,194416,RELIANCE
2026-09-01 09:25:00+05:30,1293.199951171875,1293.199951171875,1293.699951171875,1291.0,1291.0999755859375,133272,RELIANCE
2026-09-01 09:26:00+05:30,1293.0999755859375,1293.0999755859375,1293.9000244140625,1292.0999755859375,1293.0999755859375,60054,RELIANCE
2026-09-01 09:27:00+05:30,1292.4000244140625,1292.4000244140625,1293.0,1291.4000244140625,1292.699951171875,138502,RELIANCE
2026-09-01 09:28:00+05:30,1293.800048828125,1293.800048828125,1294.0999755859375,1292.0,1292.4000244140625,116411,RELIANCE
2026-09-01 09:29:00+05:30,1296.300048828125,1296.300048828125,1296.800048828125,1293.5,1293.9000244140625,72198,RELIANCE
2026-09-01 09:30:00+05:30,1295.0,1295.0,1296.800048828125,1295.0,1296.0,40023,RELIANCE
2026-09-01 09:31:00+05:30,1294.5,1294.5,1296.199951171875,1294.199951171875,1294.9000244140625,35211,RELIANCE
2026-09-01 09:32:00+05:30,1295.5999755859375,1295.5999755859375,1297.0999755859375,1293.800048828125,1294.5,97228,RELIANCE
2026-09-01 09:33:00+05:30,1296.5,1296.5,1297.5,1295.699951171875,1295.9000244140625,32464,RELIANCE
2026-09-01 09:34:00+05:30,1294.5,1294.5,1296.5,1293.800048828125,1296.5,34148,RELIANCE
2026-09-01 09:35:00+05:30,1294.300048828125,1294.300048828125,1294.5999755859375,1293.9000244140625,1294.5,22377,RELIANCE
2026-09-01 09:36:00+05:30,1294.0,1294.0,1294.5,1293.5,1294.300048828125,26955,RELIANCE
2026-09-01 09:37:00+05:30,1293.5999755859375,1293.5999755859375,1294.300048828125,1293.300048828125,1294.300048828125,13416,RELIANCE
2026-09-01 09:38:00+05:30,1294.0,1294.0,1294.0,1293.300048828125,1293.800048828125,16211,RELIANCE
2026-09-01 09:39:00+05:30,1294.9000244140625,1294.9000244140625,1295.0,1293.4000244140625,1294.0,1653402,RELIANCE
2026-09-01 09:40:00+05:30,1298.0,1298.0,1298.0,1295.0,1295.0,76120,RELIANCE
2026-09-01 09:41:00+05:30,1300.4000244140625,1300.4000244140625,1300.699951171875,1297.0999755859375,1298.0,119128,RELIANCE
2026-09-01 09:42:00+05:30,1299.300048828125,1299.300048828125,1300.4000244140625,1298.0,1300.0,72995,RELIANCE
2026-09-01 09:43:00+05:30,1298.300048828125,1298.300048828125,1299.9000244140625,1298.0999755859375,1299.4000244140625,30009,RELIANCE
2026-09-01 09:44:00+05:30,1298.5,1298.5,1298.699951171875,1297.800048828125,1298.0999755859375,32164,RELIANCE
2026-09-01 09:45:00+05:30,1297.4000244140625,1297.4000244140625,1298.5,1297.0999755859375,1298.5,50564,RELIANCE
2026-09-01 09:46:00+05:30,1295.9000244140625,1295.9000244140625,1297.5999755859375,1295.699951171875,1297.300048828125,27276,RELIANCE
2026-09-01 09:47:00+05:30,1293.5,1293.5,1296.199951171875,1293.0999755859375,1296.199951171875,37842,RELIANCE
2026-09-01 09:48:00+05:30,1293.5999755859375,1293.5999755859375,1294.0,1293.0999755859375,1293.9000244140625,22243,RELIANCE
2026-09-01 09:49:00+05:30,1293.9000244140625,1293.9000244140625,1294.5999755859375,1293.5999755859375,1294.0,13833,RELIANCE
2026-09-01 09:50:00+05:30,1294.300048828125,1294.300048828125,1294.4000244140625,1293.5,1294.199951171875,24044,RELIANCE
2026-09-01 09:51:00+05:30,1294.9000244140625,1294.9000244140625,1295.199951171875,1294.4000244140625,1294.5999755859375,15154,RELIANCE
2026-09-01 09:52:00+05:30,1294.199951171875,1294.199951171875,1295.0,1293.9000244140625,1294.9000244140625,12883,RELIANCE
2026-09-01 09:53:00+05:30,1294.300048828125,1294.300048828125,1294.800048828125,1293.5999755859375,1294.199951171875,11949,RELIANCE
2026-09-01 09:54:00+05:30,1293.5,1293.5,1294.300048828125,1293.199951171875,1294.300048828125,11425,RELIANCE
2026-09-01 09:55:00+05:30,1294.699951171875,1294.699951171875,1294.9000244140625,1293.300048828125,1293.5999755859375,20150,RELIANCE
2026-09-01 09:56:00+05:30,1293.5,1293.5,1294.699951171875,1293.199951171875,1294.699951171875,19841,RELIANCE
2026-09-01 09:57:00+05:30,1294.9000244140625,1294.9000244140625,1295.0,1293.300048828125,1293.5,15790,RELIANCE
2026-09-01 09:58:00+05:30,1294.300048828125,1294.300048828125,1295.0,1294.0,1295.0,3439,RELIANCE
2026-09-01 09:59:00+05:30,1294.0,1294.0,1294.5,1293.5999755859375,1294.300048828125,14709,RELIANCE
2026-09-01 10:00:00+05:30,1294.0999755859375,1294.0999755859375,1295.699951171875,1294.0,1295.0,28848,RELIANCE
2026-09-01 10:01:00+05:30,1295.9000244140625,1295.9000244140625,1295.9000244140625,1293.9000244140625,1294.300048828125,13841,RELIANCE
2026-09-01 10:02:00+05:30,1296.4000244140625,1296.4000244140625,1296.5999755859375,1295.699951171875,1295.9000244140625,22723,RELIANCE
2026-09-01 10:03:00+05:30,1297.0,1297.0,1297.0999755859375,1296.4000244140625,1296.4000244140625,13324,RELIANCE
2026-09-01 10:04:00+05:30,1297.199951171875,1297.199951171875,1297.199951171875,1296.5,1297.0,10909,RELIANCE
2026-09-01 10:05:00+05:30,1298.0999755859375,1298.0999755859375,1298.300048828125,1297.0,1297.199951171875,29972,RELIANCE
2026-09-01 10:06:00+05:30,1298.9000244140625,1298.9000244140625,1298.9000244140625,1297.4000244140625,1298.199951171875,20318,RELIANCE
2026-09-01 10:07:00+05:30,1303.9000244140625,1303.9000244140625,1304.300048828125,1298.9000244140625,1298.9000244140625,160968,RELIANCE
2026-09-01 10:08:00+05:30,1302.300048828125,1302.300048828125,1304.300048828125,1301.199951171875,1304.0,48534,RELIANCE
2026-09-01 10:09:00+05:30,1301.5,1301.5,1304.4000244140625,1301.5,1302.0,54462,RELIANCE
2026-09-01 10:10:00+05:30,1301.199951171875,1301.199951171875,1302.300048828125,1300.800048828125,1301.4000244140625,17930,RELIANCE
2026-09-01 10:11:00+05:30,1301.0,1301.0,1301.5,1300.5999755859375,1301.300048828125,24262,RELIANCE
2026-09-01 10:12:00+05:30,1300.9000244140625,1300.9000244140625,1301.300048828125,1300.0999755859375,1301.0999755859375,43496,RELIANCE
2026-09-01 10:13:00+05:30,1300.800048828125,1300.800048828125,1301.4000244140625,1300.0,1300.5999755859375,48327,RELIANCE
2026-09-01 10:14:00+05:30,1301.5,1301.5,1301.5999755859375,1300.5999755859375,1300.5999755859375,22310,RELIANCE
2026-09-01 10:15:00+05:30,1303.199951171875,1303.199951171875,1303.9000244140625,1301.5,1301.5,55629,RELIANCE
2026-09-01 10:16:00+05:30,1303.4000244140625,1303.4000244140625,1303.9000244140625,1302.0999755859375,1303.4000244140625,77780,RELIANCE
2026-09-01 10:17:00+05:30,1303.800048828125,1303.800048828125,1304.0999755859375,1302.5,1303.699951171875,65065,RELIANCE
2026-09-01 10:18:00+05:30,1303.5,1303.5,1304.300048828125,1303.0999755859375,1303.300048828125,23146,RELIANCE
2026-09-01 10:19:00+05:30,1303.5,1303.5,1303.699951171875,1303.0,1303.5999755859375,14808,RELIANCE
2026-09-01 10:20:00+05:30,1302.199951171875,1302.199951171875,1303.699951171875,1301.5,1303.5,71283,RELIANCE
2026-09-01 10:21:00+05:30,1303.199951171875,1303.199951171875,1303.199951171875,1302.199951171875,1302.5,16563,RELIANCE
2026-09-01 10:22:00+05:30,1303.0999755859375,1303.0999755859375,1303.9000244140625,1302.699951171875,1303.199951171875,17361,RELIANCE
2026-09-01 10:23:00+05:30,1303.0999755859375,1303.0999755859375,1303.300048828125,1302.800048828125,1303.300048828125,6932,RELIANCE
2026-09-01 10:24:00+05:30,1302.5999755859375,1302.5999755859375,1303.0,1302.0,1303.0,10283,RELIANCE
2026-09-01 10:25:00+05:30,1301.0,1301.0,1302.800048828125,1300.5999755859375,1302.699951171875,16731,RELIANCE
2026-09-01 10:26:00+05:30,1302.5,1302.5,1302.9000244140625,1301.199951171875,1301.5999755859375,29602,RELIANCE
2026-09-01 10:27:00+05:30,1302.0,1302.0,1302.699951171875,1301.9000244140625,1302.4000244140625,8170,RELIANCE
2026-09-01 10:28:00+05:30,1302.0,1302.0,1302.4000244140625,1301.5999755859375,1302.0,19351,RELIANCE
2026-09-01 10:29:00+05:30,1302.0,1302.0,1302.0,1301.199951171875,1301.800048828125,11434,RELIANCE
2026-09-01 10:30:00+05:30,1301.9000244140625,1301.9000244140625,1302.300048828125,1301.5,1302.0,23120,RELIANCE
2026-09-01 10:31:00+05:30,1302.0999755859375,1302.0999755859375,1302.199951171875,1301.699951171875,1302.0,8695,RELIANCE
2026-09-01 10:32:00+05:30,1301.5,1301.5,1302.0999755859375,1301.5,1302.0999755859375,9251,RELIANCE
2026-09-01 10:33:00+05:30,1301.5,1301.5,1302.0,1301.5,1301.5,6938,RELIANCE
2026-09-01 10:34:00+05:30,1301.0,1301.0,1301.5999755859375,1301.0,1301.5,14832,RELIANCE
2026-09-01 10:35:00+05:30,1301.300048828125,1301.300048828125,1301.4000244140625,1300.699951171875,1300.800048828125,14182,RELIANCE
2026-09-01 10:36:00+05:30,1301.800048828125,1301.800048828125,1301.800048828125,1301.300048828125,1301.4000244140625,14408,RELIANCE
2026-09-01 10:37:00+05:30,1301.5999755859375,1301.5999755859375,1301.9000244140625,1301.5999755859375,1301.800048828125,10256,RELIANCE
2026-09-01 10:38:00+05:30,1301.699951171875,1301.699951171875,1301.800048828125,1301.4000244140625,1301.5,12944,RELIANCE
2026-09-01 10:39:00+05:30,1301.699951171875,1301.699951171875,1301.800048828125,1301.5999755859375,1301.699951171875,4741,RELIANCE
2026-09-01 10:40:00+05:30,1301.699951171875,1301.699951171875,1301.800048828125,1301.5999755859375,1301.699951171875,12427,RELIANCE
2026-09-01 10:41:00+05:30,1301.4000244140625,1301.4000244140625,1301.699951171875,1301.4000244140625,1301.699951171875,5234,RELIANCE
2026-09-01 10:42:00+05:30,1302.5999755859375,1302.5999755859375,1302.5999755859375,1301.0,1301.5,32318,RELIANCE
2026-09-01 10:43:00+05:30,1303.5999755859375,1303.5999755859375,1303.699951171875,1302.4000244140625,1302.4000244140625,33525,RELIANCE
2026-09-01 10:44:00+05:30,1302.5999755859375,1302.5999755859375,1303.699951171875,1302.5999755859375,1303.5,14049,RELIANCE
2026-09-01 10:45:00+05:30,1302.800048828125,1302.800048828125,1302.9000244140625,1302.5999755859375,1302.699951171875,2326,RELIANCE
2026-09-01 10:46:00+05:30,1302.5999755859375,1302.5999755859375,1302.800048828125,1302.0999755859375,1302.800048828125,9522,RELIANCE
2026-09-01 10:47:00+05:30,1302.5,1302.5,1302.5999755859375,1302.0999755859375,1302.5999755859375,6549,RELIANCE
2026-09-01 10:48:00+05:30,1302.699951171875,1302.699951171875,1302.699951171875,1302.300048828125,1302.300048828125,4400,RELIANCE
2026-09-01 10:49:00+05:30,1302.5,1302.5,1302.699951171875,1302.5,1302.5,6818,RELIANCE
2026-09-01 10:50:00+05:30,1302.5,1302.5,1302.699951171875,1302.199951171875,1302.199951171875,6942,RELIANCE
2026-09-01 10:51:00+05:30,1302.199951171875,1302.199951171875,1302.5,1302.199951171875,1302.5,7870,RELIANCE
2026-09-01 10:52:00+05:30,1302.5999755859375,1302.5999755859375,1302.5999755859375,1301.5,1302.0,10271,RELIANCE
2026-09-01 10:53:00+05:30,1302.199951171875,1302.199951171875,1302.800048828125,1302.0999755859375,1302.5,14211,RELIANCE
2026-09-01 10:54:00+05:30,1302.0999755859375,1302.0999755859375,1302.800048828125,1302.0999755859375,1302.5999755859375,4572,RELIANCE
2026-09-01 10:55:00+05:30,1302.4000244140625,1302.4000244140625,1302.5999755859375,1301.699951171875,1302.300048828125,17708,RELIANCE
2026-09-01 10:56:00+05:30,1301.699951171875,1301.699951171875,1302.4000244140625,1301.699951171875,1302.4000244140625,22010,RELIANCE
2026-09-01 10:57:00+05:30,1303.5,1303.5,1303.5999755859375,1301.5999755859375,1301.800048828125,33163,RELIANCE
2026-09-01 10:58:00+05:30,1304.199951171875,1304.199951171875,1304.5,1302.5999755859375,1303.800048828125,57346,RELIANCE
2026-09-01 10:59:00+05:30,1305.9000244140625,1305.9000244140625,1306.0,1304.0999755859375,1304.0999755859375,118981,RELIANCE
2026-09-01 11:00:00+05:30,1305.4000244140625,1305.4000244140625,1305.9000244140625,1305.0,1305.800048828125,10262,RELIANCE
2026-09-01 11:01:00+05:30,1304.199951171875,1304.199951171875,1305.5,1304.0999755859375,1305.4000244140625,13537,RELIANCE
2026-09-01 11:02:00+05:30,1305.0,1305.0,1305.0,1304.199951171875,1304.5999755859375,14497,RELIANCE
2026-09-01 11:03:00+05:30,1304.800048828125,1304.800048828125,1305.0,1304.0999755859375,1305.0,3989,RELIANCE
2026-09-01 11:04:00+05:30,1304.5,1304.5,1304.800048828125,1304.4000244140625,1304.800048828125,3442,RELIANCE
2026-09-01 11:05:00+05:30,1304.199951171875,1304.199951171875,1304.5999755859375,1304.0,1304.5999755859375,14615,RELIANCE
2026-09-01 11:06:00+05:30,1304.0999755859375,1304.0999755859375,1304.5,1304.0,1304.0,7625,RELIANCE
2026-09-01 11:07:00+05:30,1304.300048828125,1304.300048828125,1304.5,1304.0,1304.4000244140625,4726,RELIANCE
2026-09-01 11:08:00+05:30,1304.4000244140625,1304.4000244140625,1304.5,1304.0999755859375,1304.300048828125,11403,RELIANCE
2026-09-01 11:09:00+05:30,1304.0,1304.0,1304.5,1304.0,1304.5,8395,RELIANCE
2026-09-01 11:10:00+05:30,1304.0999755859375,1304.0999755859375,1304.5,1304.0,1304.0999755859375,8382,RELIANCE
2026-09-01 11:11:00+05:30,1304.5999755859375,1304.5999755859375,1305.0,1304.0999755859375,1304.5,20795,RELIANCE
2026-09-01 11:12:00+05:30,1305.0,1305.0,1305.0,1304.0,1304.5,13002,RELIANCE
2026-09-01 11:13:00+05:30,1304.300048828125,1304.300048828125,1305.0,1304.300048828125,1305.0,5625,RELIANCE
2026-09-01 11:14:00+05:30,1304.0,1304.0,1304.300048828125,1303.9000244140625,1304.300048828125,12997,RELIANCE
2026-09-01 11:15:00+05:30,1304.0,1304.0,1304.300048828125,1303.9000244140625,1304.0,9950,RELIANCE
2026-09-01 11:16:00+05:30,1304.4000244140625,1304.4000244140625,1304.800048828125,1303.699951171875,1303.800048828125,38234,RELIANCE
2026-09-01 11:17:00+05:30,1303.9000244140625,1303.9000244140625,1305.0999755859375,1303.5999755859375,1304.5999755859375,89246,RELIANCE
2026-09-01 11:18:00+05:30,1303.300048828125,1303.300048828125,1303.9000244140625,1303.300048828125,1303.699951171875,6403,RELIANCE
2026-09-01 11:19:00+05:30,1304.699951171875,1304.699951171875,1304.699951171875,1303.199951171875,1303.699951171875,12905,RELIANCE
2026-09-01 11:20:00+05:30,1304.300048828125,1304.300048828125,1304.699951171875,1304.0999755859375,1304.699951171875,10003,RELIANCE
2026-09-01 11:21:00+05:30,1305.699951171875,1305.699951171875,1305.9000244140625,1304.5999755859375,1304.5999755859375,50155,RELIANCE
2026-09-01 11:22:00+05:30,1305.5999755859375,1305.5999755859375,1306.5,1305.0999755859375,1305.699951171875,39055,RELIANCE
2026-09-01 11:23:00+05:30,1305.699951171875,1305.699951171875,1306.199951171875,1305.5999755859375,1306.0,7758,RELIANCE
2026-09-01 11:24:00+05:30,1305.199951171875,1305.199951171875,1305.800048828125,1305.199951171875,1305.699951171875,5438,RELIANCE
2026-09-01 11:25:00+05:30,1305.0999755859375,1305.0999755859375,1305.5,1305.0999755859375,1305.199951171875,3471,RELIANCE
2026-09-01 11:26:00+05:30,1305.0999755859375,1305.0999755859375,1305.300048828125,1305.0999755859375,1305.0999755859375,7733,RELIANCE
2026-09-01 11:27:00+05:30,1305.0,1305.0,1305.0999755859375,1305.0,1305.0,17845,RELIANCE
2026-09-01 11:28:00+05:30,1305.300048828125,1305.300048828125,1305.4000244140625,1305.0,1305.0,29708,RELIANCE
2026-09-01 11:29:00+05:30,1305.300048828125,1305.300048828125,1305.4000244140625,1305.199951171875,1305.300048828125,12983,RELIANCE
2026-09-01 11:30:00+05:30,1306.0,1306.0,1306.0,1305.0,1305.199951171875,24739,RELIANCE
2026-09-01 11:31:00+05:30,1306.0,1306.0,1306.4000244140625,1305.800048828125,1306.199951171875,33032,RELIANCE
2026-09-01 11:32:00+05:30,1306.0,1306.0,1306.5999755859375,1306.0,1306.5,6965,RELIANCE
2026-09-01 11:33:00+05:30,1306.0,1306.0,1306.4000244140625,1305.699951171875,1306.199951171875,14943,RELIANCE
2026-09-01 11:34:00+05:30,1305.5999755859375,1305.5999755859375,1306.4000244140625,1305.5999755859375,1306.0,16717,RELIANCE
2026-09-01 11:35:00+05:30,1305.9000244140625,1305.9000244140625,1306.0,1305.5,1306.0,3672,RELIANCE
2026-09-01 11:36:00+05:30,1306.199951171875,1306.199951171875,1306.4000244140625,1305.0999755859375,1305.9000244140625,29875,RELIANCE
2026-09-01 11:37:00+05:30,1308.0,1308.0,1308.4000244140625,1306.199951171875,1306.199951171875,77491,RELIANCE
2026-09-01 11:38:00+05:30,1307.9000244140625,1307.9000244140625,1309.5,1307.800048828125,1308.199951171875,80027,RELIANCE
2026-09-01 11:39:00+05:30,1308.5,1308.5,1309.300048828125,1307.5,1308.4000244140625,102035,RELIANCE
2026-09-01 11:40:00+05:30,1308.0999755859375,1308.0999755859375,1308.9000244140625,1308.0,1308.800048828125,25393,RELIANCE
2026-09-01 11:41:00+05:30,1309.300048828125,1309.300048828125,1309.300048828125,1308.0,1308.0,43185,RELIANCE
2026-09-01 11:42:00+05:30,1310.300048828125,1310.300048828125,1310.5999755859375,1309.0,1309.0,126625,RELIANCE
2026-09-01 11:43:00+05:30,1309.9000244140625,1309.9000244140625,1310.300048828125,1309.5999755859375,1310.300048828125,15722,RELIANCE
2026-09-01 11:44:00+05:30,1311.5999755859375,1311.5999755859375,1311.699951171875,1309.800048828125,1309.9000244140625,61732,RELIANCE
2026-09-01 11:45:00+05:30,1308.5,1308.5,1311.699951171875,1308.5,1311.300048828125,63508,RELIANCE
2026-09-01 11:46:00+05:30,1307.5,1307.5,1309.0,1307.5,1309.0,20759,RELIANCE
2026-09-01 11:47:00+05:30,1308.300048828125,1308.300048828125,1308.5999755859375,1307.5,1307.9000244140625,25252,RELIANCE
2026-09-01 11:48:00+05:30,1308.4000244140625,1308.4000244140625,1308.5,1308.0,1308.5,8665,RELIANCE
2026-09-01 11:49:00+05:30,1308.300048828125,1308.300048828125,1308.4000244140625,1308.199951171875,1308.4000244140625,8070,RELIANCE
2026-09-01 11:50:00+05:30,1309.4000244140625,1309.4000244140625,1310.0,1307.800048828125,1308.300048828125,49392,RELIANCE
2026-09-01 11:51:00+05:30,1308.5,1308.5,1309.4000244140625,1308.0,1309.0999755859375,54623,RELIANCE
2026-09-01 11:52:00+05:30,1308.300048828125,1308.300048828125,1309.0,1308.0999755859375,1308.5999755859375,13405,RELIANCE
2026-09-01 11:53:00+05:30,1308.300048828125,1308.300048828125,1308.5999755859375,1308.0999755859375,1308.5999755859375,6758,RELIANCE
2026-09-01 11:54:00+05:30,1308.5,1308.5,1308.5,1307.699951171875,1308.300048828125,17152,RELIANCE
2026-09-01 11:55:00+05:30,1308.0,1308.0,1308.5,1307.800048828125,1308.5,7431,RELIANCE
2026-09-01 11:56:00+05:30,1307.9000244140625,1307.9000244140625,1308.5999755859375,1307.9000244140625,1308.0999755859375,15770,RELIANCE
2026-09-01 11:57:00+05:30,1307.699951171875,1307.699951171875,1308.4000244140625,1307.5,1308.0999755859375,14851,RELIANCE
2026-09-01 11:58:00+05:30,1307.699951171875,1307.699951171875,1307.9000244140625,1307.5,1307.800048828125,9307,RELIANCE
2026-09-01 11:59:00+05:30,1307.699951171875,1307.699951171875,1307.800048828125,1307.5,1307.800048828125,14184,RELIANCE
2026-09-01 12:00:00+05:30,1307.4000244140625,1307.4000244140625,1307.800048828125,1307.0,1307.800048828125,13443,RELIANCE
2026-09-01 12:01:00+05:30,1307.300048828125,1307.300048828125,1307.699951171875,1307.0,1307.4000244140625,38299,RELIANCE
2026-09-01 12:02:00+05:30,1306.800048828125,1306.800048828125,1307.4000244140625,1306.5,1307.300048828125,11442,RELIANCE
2026-09-01 12:03:00+05:30,1307.0,1307.0,1307.0,1306.300048828125,1306.5,22845,RELIANCE
2026-09-01 12:04:00+05:30,1307.0,1307.0,1307.0,1306.699951171875,1307.0,5737,RELIANCE
2026-09-01 12:05:00+05:30,1306.800048828125,1306.800048828125,1307.0,1306.800048828125,1307.0,8552,RELIANCE
2026-09-01 12:06:00+05:30,1307.0999755859375,1307.0999755859375,1307.9000244140625,1307.0,1307.9000244140625,75465,RELIANCE
2026-09-01 12:07:00+05:30,1307.0999755859375,1307.0999755859375,1307.199951171875,1307.0,1307.199951171875,7873,RELIANCE
2026-09-01 12:08:00+05:30,1307.0999755859375,1307.0999755859375,1307.199951171875,1307.0,1307.0,6069,RELIANCE
2026-09-01 12:09:00+05:30,1307.0,1307.0,1307.0999755859375,1307.0,1307.0,6015,RELIANCE
2026-09-01 12:10:00+05:30,1307.0,1307.0,1307.0999755859375,1306.9000244140625,1307.0,10796,RELIANCE
2026-09-01 12:11:00+05:30,1307.0,1307.0,1307.0999755859375,1306.800048828125,1306.9000244140625,5218,RELIANCE
2026-09-01 12:12:00+05:30,1306.9000244140625,1306.9000244140625,1307.0,1306.800048828125,1306.800048828125,9963,RELIANCE
2026-09-01 12:13:00+05:30,1306.5,1306.5,1306.9000244140625,1306.4000244140625,1306.9000244140625,10294,RELIANCE
2026-09-01 12:14:00+05:30,1306.5999755859375,1306.5999755859375,1306.5999755859375,1306.199951171875,1306.5,17121,RELIANCE
2026-09-01 12:15:00+05:30,1306.5,1306.5,1306.5999755859375,1306.300048828125,1306.5999755859375,5307,RELIANCE
2026-09-01 12:16:00+05:30,1306.5,1306.5,1306.5,1306.0999755859375,1306.5,18907,RELIANCE
2026-09-01 12:17:00+05:30,1308.4000244140625,1308.4000244140625,1309.199951171875,1306.199951171875,1306.4000244140625,36603,RELIANCE
2026-09-01 12:18:00+05:30,1308.0999755859375,1308.0999755859375,1308.5999755859375,1307.5999755859375,1308.5999755859375,20384,RELIANCE
2026-09-01 12:19:00+05:30,1307.9000244140625,1307.9000244140625,1308.4000244140625,1307.5999755859375,1308.4000244140625,5201,RELIANCE
2026-09-01 12:20:00+05:30,1308.5999755859375,1308.5999755859375,1309.0,1307.5999755859375,1307.9000244140625,79526,RELIANCE
2026-09-01 12:21:00+05:30,1308.199951171875,1308.199951171875,1308.5999755859375,1307.9000244140625,1308.5999755859375,9217,RELIANCE
2026-09-01 12:22:00+05:30,1308.0,1308.0,1308.4000244140625,1307.5999755859375,1308.199951171875,16445,RELIANCE
2026-09-01 12:23:00+05:30,1308.300048828125,1308.300048828125,1308.4000244140625,1307.699951171875,1308.0,12207,RELIANCE
2026-09-01 12:24:00+05:30,1308.0999755859375,1308.0999755859375,1308.800048828125,1308.0,1308.4000244140625,30358,RELIANCE
2026-09-01 12:25:00+05:30,1309.9000244140625,1309.9000244140625,1310.0999755859375,1307.9000244140625,1308.0999755859375,71238,RELIANCE
2026-09-01 12:26:00+05:30,1310.0999755859375,1310.0999755859375,1310.0999755859375,1309.4000244140625,1309.9000244140625,13239,RELIANCE
2026-09-01 12:27:00+05:30,1310.0,1310.0,1310.0999755859375,1309.300048828125,1310.0999755859375,22587,RELIANCE
2026-09-01 12:28:00+05:30,1310.5999755859375,1310.5999755859375,1311.300048828125,1309.5,1310.0999755859375,78278,RELIANCE
2026-09-01 12:29:00+05:30,1311.0,1311.0,1311.199951171875,1310.4000244140625,1310.5,52385,RELIANCE
2026-09-01 12:30:00+05:30,1310.4000244140625,1310.4000244140625,1311.0999755859375,1310.4000244140625,1310.800048828125,21448,RELIANCE
2026-09-01 12:31:00+05:30,1310.5999755859375,1310.5999755859375,1310.9000244140625,1310.4000244140625,1310.4000244140625,9451,RELIANCE
2026-09-01 12:32:00+05:30,1310.0999755859375,1310.0999755859375,1310.5,1310.0,1310.5,6999,RELIANCE
2026-09-01 12:33:00+05:30,1310.300048828125,1310.300048828125,1310.300048828125,1310.0,1310.0999755859375,8372,RELIANCE
2026-09-01 12:34:00+05:30,1310.199951171875,1310.199951171875,1310.300048828125,1310.0999755859375,1310.0999755859375,7882,RELIANCE
2026-09-01 12:35:00+05:30,1310.5,1310.5,1310.5,1310.0,1310.0999755859375,16596,RELIANCE
2026-09-01 12:36:00+05:30,1309.800048828125,1309.800048828125,1310.800048828125,1309.300048828125,1310.5,32858,RELIANCE
2026-09-01 12:37:00+05:30,1310.0,1310.0,1310.0999755859375,1309.300048828125,1309.9000244140625,19479,RELIANCE
2026-09-01 12:38:00+05:30,1309.5,1309.5,1310.0,1309.300048828125,1309.800048828125,11153,RELIANCE
2026-09-01 12:39:00+05:30,1310.0,1310.0,1310.800048828125,1309.199951171875,1309.5,47686,RELIANCE
2026-09-01 12:40:00+05:30,1309.5,1309.5,1310.0,1309.300048828125,1310.0,50688,RELIANCE
2026-09-01 12:41:00+05:30,1309.4000244140625,1309.4000244140625,1309.5999755859375,1309.300048828125,1309.5,7636,RELIANCE
2026-09-01 12:42:00+05:30,1309.0,1309.0,1309.5,1309.0,1309.4000244140625,17747,RELIANCE
2026-09-01 12:43:00+05:30,1309.199951171875,1309.199951171875,1309.199951171875,1309.0,1309.0,10899,RELIANCE
2026-09-01 12:44:00+05:30,1308.800048828125,1308.800048828125,1309.199951171875,1308.5,1309.199951171875,12887,RELIANCE
2026-09-01 12:45:00+05:30,1308.5,1308.5,1308.800048828125,1308.199951171875,1308.800048828125,21225,RELIANCE
2026-09-01 12:46:00+05:30,1308.300048828125,1308.300048828125,1308.699951171875,1308.199951171875,1308.4000244140625,5103,RELIANCE
2026-09-01 12:47:00+05:30,1308.199951171875,1308.199951171875,1308.4000244140625,1308.199951171875,1308.300048828125,5298,RELIANCE
2026-09-01 12:48:00+05:30,1308.199951171875,1308.199951171875,1308.5,1308.0999755859375,1308.4000244140625,8734,RELIANCE
2026-09-01 12:49:00+05:30,1308.0,1308.0,1308.300048828125,1307.800048828125,1308.300048828125,17667,RELIANCE
2026-09-01 12:50:00+05:30,1307.800048828125,1307.800048828125,1308.0999755859375,1307.699951171875,1308.0,10413,RELIANCE
2026-09-01 12:51:00+05:30,1307.9000244140625,1307.9000244140625,1308.0999755859375,1307.699951171875,1308.0999755859375,4351,RELIANCE
2026-09-01 12:52:00+05:30,1307.5999755859375,1307.5999755859375,1307.9000244140625,1307.199951171875,1307.9000244140625,34991,RELIANCE
2026-09-01 12:53:00+05:30,1307.5,1307.5,1307.800048828125,1307.0,1307.800048828125,5873,RELIANCE
2026-09-01 12:54:00+05:30,1307.199951171875,1307.199951171875,1307.5,1307.0,1307.5,11287,RELIANCE
2026-09-01 12:55:00+05:30,1307.5999755859375,1307.5999755859375,1307.5999755859375,1306.800048828125,1307.199951171875,24697,RELIANCE
2026-09-01 12:56:00+05:30,1307.199951171875,1307.199951171875,1307.5999755859375,1307.0,1307.5,2882,RELIANCE
2026-09-01 12:57:00+05:30,1307.199951171875,1307.199951171875,1307.4000244140625,1306.800048828125,1307.0999755859375,3960,RELIANCE
2026-09-01 12:58:00+05:30,1306.199951171875,1306.199951171875,1307.199951171875,1306.199951171875,1307.0,12420,RELIANCE
2026-09-01 12:59:00+05:30,1305.5999755859375,1305.5999755859375,1306.5999755859375,1305.5999755859375,1306.5999755859375,11295,RELIANCE
2026-09-01 13:00:00+05:30,1305.800048828125,1305.800048828125,1306.0,1305.300048828125,1306.0,9962,RELIANCE
2026-09-01 13:01:00+05:30,1305.0,1305.0,1305.800048828125,1305.0,1305.5999755859375,16289,RELIANCE
2026-09-01 13:02:00+05:30,1305.199951171875,1305.199951171875,1305.5,1305.0999755859375,1305.0999755859375,17451,RELIANCE
2026-09-01 13:03:00+05:30,1305.5999755859375,1305.5999755859375,1305.5999755859375,1305.199951171875,1305.5,9776,RELIANCE
2026-09-01 13:04:00+05:30,1305.4000244140625,1305.4000244140625,1305.5999755859375,1305.4000244140625,1305.5999755859375,9913,RELIANCE
2026-09-01 13:05:00+05:30,1304.300048828125,1304.300048828125,1305.5,1304.199951171875,1305.4000244140625,39296,RELIANCE
2026-09-01 13:06:00+05:30,1303.4000244140625,1303.4000244140625,1304.5,1303.4000244140625,1304.300048828125,17573,RELIANCE
2026-09-01 13:07:00+05:30,1303.4000244140625,1303.4000244140625,1303.5,1303.199951171875,1303.5,12509,RELIANCE
2026-09-01 13:08:00+05:30,1303.5999755859375,1303.5999755859375,1304.300048828125,1303.199951171875,1303.199951171875,44531,RELIANCE
2026-09-01 13:09:00+05:30,1303.699951171875,1303.699951171875,1303.9000244140625,1303.5,1303.5999755859375,11083,RELIANCE
2026-09-01 13:10:00+05:30,1303.4000244140625,1303.4000244140625,1304.0,1303.4000244140625,1304.0,11223,RELIANCE
2026-09-01 13:11:00+05:30,1303.0,1303.0,1303.5,1302.699951171875,1303.5,22107,RELIANCE
2026-09-01 13:12:00+05:30,1302.300048828125,1302.300048828125,1303.0,1302.199951171875,1303.0,20975,RELIANCE
2026-09-01 13:13:00+05:30,1302.5,1302.5,1302.5999755859375,1302.199951171875,1302.5999755859375,9149,RELIANCE
2026-09-01 13:14:00+05:30,1302.0999755859375,1302.0999755859375,1302.5,1302.0,1302.5,22067,RELIANCE
2026-09-01 13:15:00+05:30,1301.9000244140625,1301.9000244140625,1302.0999755859375,1301.800048828125,1302.0999755859375,17733,RELIANCE
2026-09-01 13:16:00+05:30,1301.9000244140625,1301.9000244140625,1301.9000244140625,1301.4000244140625,1301.9000244140625,59647,RELIANCE
2026-09-01 13:17:00+05:30,1302.9000244140625,1302.9000244140625,1302.9000244140625,1301.699951171875,1301.9000244140625,36476,RELIANCE
2026-09-01 13:18:00+05:30,1301.800048828125,1301.800048828125,1302.4000244140625,1301.800048828125,1302.4000244140625,17917,RELIANCE
2026-09-01 13:19:00+05:30,1302.300048828125,1302.300048828125,1302.300048828125,1301.5999755859375,1301.800048828125,19178,RELIANCE
2026-09-01 13:20:00+05:30,1302.199951171875,1302.199951171875,1302.300048828125,1302.0,1302.300048828125,10353,RELIANCE
2026-09-01 13:21:00+05:30,1302.300048828125,1302.300048828125,1302.300048828125,1302.0,1302.199951171875,13845,RELIANCE
2026-09-01 13:22:00+05:30,1302.5,1302.5,1302.5,1302.300048828125,1302.300048828125,18656,RELIANCE
2026-09-01 13:23:00+05:30,1302.300048828125,1302.300048828125,1302.4000244140625,1302.199951171875,1302.4000244140625,20035,RELIANCE
2026-09-01 13:24:00+05:30,1302.0999755859375,1302.0999755859375,1302.300048828125,1302.0,1302.300048828125,13049,RELIANCE
2026-09-01 13:25:00+05:30,1302.9000244140625,1302.9000244140625,1302.9000244140625,1302.0999755859375,1302.300048828125,22498,RELIANCE
2026-09-01 13:26:00+05:30,1302.800048828125,1302.800048828125,1303.0,1302.699951171875,1302.9000244140625,11894,RELIANCE
2026-09-01 13:27:00+05:30,1302.5999755859375,1302.5999755859375,1303.0,1302.4000244140625,1303.0,11615,RELIANCE
2026-09-01 13:28:00+05:30,1302.5999755859375,1302.5999755859375,1302.5999755859375,1302.0999755859375,1302.5999755859375,20811,RELIANCE
2026-09-01 13:29:00+05:30,1303.0999755859375,1303.0999755859375,1303.0999755859375,1302.4000244140625,1302.5999755859375,16686,RELIANCE
2026-09-01 13:30:00+05:30,1303.0,1303.0,1303.300048828125,1302.9000244140625,1303.0,10463,RELIANCE
2026-09-01 13:31:00+05:30,1302.800048828125,1302.800048828125,1303.199951171875,1302.5999755859375,1303.0999755859375,12067,RELIANCE
2026-09-01 13:32:00+05:30,1302.4000244140625,1302.4000244140625,1302.800048828125,1302.4000244140625,1302.800048828125,7844,RELIANCE
2026-09-01 13:33:00+05:30,1302.4000244140625,1302.4000244140625,1302.5999755859375,1302.300048828125,1302.5,15852,RELIANCE
2026-09-01 13:34:00+05:30,1302.0,1302.0,1302.5,1301.5999755859375,1302.4000244140625,17371,RELIANCE
2026-09-01 13:35:00+05:30,1302.300048828125,1302.300048828125,1302.4000244140625,1301.9000244140625,1302.0,21084,RELIANCE
2026-09-01 13:36:00+05:30,1301.800048828125,1301.800048828125,1302.4000244140625,1301.5999755859375,1302.4000244140625,31144,RELIANCE
2026-09-01 13:37:00+05:30,1301.699951171875,1301.699951171875,1301.800048828125,1301.300048828125,1301.800048828125,18468,RELIANCE
2026-09-01 13:38:00+05:30,1301.5,1301.5,1301.699951171875,1301.199951171875,1301.699951171875,13828,RELIANCE
2026-09-01 13:39:00+05:30,1302.9000244140625,1302.9000244140625,1302.9000244140625,1301.300048828125,1301.5,58142,RELIANCE
2026-09-01 13:40:00+05:30,1301.800048828125,1301.800048828125,1303.0999755859375,1301.800048828125,1302.9000244140625,11993,RELIANCE
2026-09-01 13:41:00+05:30,1301.699951171875,1301.699951171875,1302.0,1301.5,1302.0,6682,RELIANCE
2026-09-01 13:42:00+05:30,1302.0,1302.0,1302.0,1301.199951171875,1301.699951171875,31349,RELIANCE
2026-09-01 13:43:00+05:30,1302.699951171875,1302.699951171875,1302.699951171875,1301.699951171875,1302.0,13051,RELIANCE
2026-09-01 13:44:00+05:30,1302.9000244140625,1302.9000244140625,1303.4000244140625,1302.300048828125,1302.699951171875,33864,RELIANCE
2026-09-01 13:45:00+05:30,1303.0999755859375,1303.0999755859375,1303.0999755859375,1301.5999755859375,1302.699951171875,31802,RELIANCE
2026-09-01 13:46:00+05:30,1302.9000244140625,1302.9000244140625,1303.0999755859375,1302.4000244140625,1303.0999755859375,8698,RELIANCE
2026-09-01 13:47:00+05:30,1302.4000244140625,1302.4000244140625,1303.0,1302.0,1303.0,6809,RELIANCE
2026-09-01 13:48:00+05:30,1302.4000244140625,1302.4000244140625,1302.5,1302.0,1302.4000244140625,5300,RELIANCE
2026-09-01 13:49:00+05:30,1302.0,1302.0,1302.5,1301.9000244140625,1302.5,10814,RELIANCE
2026-09-01 13:50:00+05:30,1301.5,1301.5,1302.0999755859375,1301.5,1302.0,14939,RELIANCE
2026-09-01 13:51:00+05:30,1301.4000244140625,1301.4000244140625,1301.699951171875,1301.300048828125,1301.5,15194,RELIANCE
2026-09-01 13:52:00+05:30,1301.9000244140625,1301.9000244140625,1302.0,1301.4000244140625,1301.699951171875,14621,RELIANCE
2026-09-01 13:53:00+05:30,1301.5,1301.5,1302.0999755859375,1301.199951171875,1301.9000244140625,23318,RELIANCE
2026-09-01 13:54:00+05:30,1301.9000244140625,1301.9000244140625,1301.9000244140625,1301.5,1301.5,8987,RELIANCE
2026-09-01 13:55:00+05:30,1301.800048828125,1301.800048828125,1302.0,1301.5999755859375,1301.5999755859375,5390,RELIANCE
2026-09-01 13:56:00+05:30,1302.199951171875,1302.199951171875,1302.199951171875,1301.800048828125,1301.800048828125,18438,RELIANCE
2026-09-01 13:57:00+05:30,1303.0999755859375,1303.0999755859375,1303.300048828125,1302.199951171875,1302.199951171875,23940,RELIANCE
2026-09-01 13:58:00+05:30,1303.0,1303.0,1303.5,1302.800048828125,1303.199951171875,30600,RELIANCE
2026-09-01 13:59:00+05:30,1302.300048828125,1302.300048828125,1303.0999755859375,1302.0,1303.0999755859375,13870,RELIANCE
2026-09-01 14:00:00+05:30,1302.5,1302.5,1302.5,1302.0,1302.300048828125,4866,RELIANCE
2026-09-01 14:01:00+05:30,1302.300048828125,1302.300048828125,1302.4000244140625,1302.0999755859375,1302.300048828125,8963,RELIANCE
2026-09-01 14:02:00+05:30,1302.5,1302.5,1302.5,1301.9000244140625,1302.199951171875,19020,RELIANCE
2026-09-01 14:03:00+05:30,1302.300048828125,1302.300048828125,1302.300048828125,1302.0,1302.0999755859375,4263,RELIANCE
2026-09-01 14:04:00+05:30,1302.0,1302.0,1302.4000244140625,1302.0,1302.0999755859375,5127,RELIANCE
2026-09-01 14:05:00+05:30,1302.5999755859375,1302.5999755859375,1302.5999755859375,1301.5999755859375,1302.0,13392,RELIANCE
2026-09-01 14:06:00+05:30,1302.300048828125,1302.300048828125,1302.5999755859375,1302.0,1302.5999755859375,18215,RELIANCE
2026-09-01 14:07:00+05:30,1302.4000244140625,1302.4000244140625,1302.5,1302.199951171875,1302.4000244140625,10172,RELIANCE
2026-09-01 14:08:00+05:30,1301.699951171875,1301.699951171875,1302.300048828125,1301.5999755859375,1302.300048828125,22720,RELIANCE
2026-09-01 14:09:00+05:30,1301.5,1301.5,1301.699951171875,1301.5,1301.5999755859375,19620,RELIANCE
2026-09-01 14:10:00+05:30,1301.9000244140625,1301.9000244140625,1302.0,1301.5,1301.5999755859375,46922,RELIANCE
2026-09-01 14:11:00+05:30,1303.199951171875,1303.199951171875,1303.199951171875,1301.9000244140625,1302.0,30572,RELIANCE
2026-09-01 14:12:00+05:30,1302.4000244140625,1302.4000244140625,1303.199951171875,1302.300048828125,1303.199951171875,14708,RELIANCE
2026-09-01 14:13:00+05:30,1302.5999755859375,1302.5999755859375,1302.5999755859375,1302.0,1302.4000244140625,6647,RELIANCE
2026-09-01 14:14:00+05:30,1302.9000244140625,1302.9000244140625,1302.9000244140625,1302.300048828125,1302.5,13491,RELIANCE
2026-09-01 14:15:00+05:30,1303.4000244140625,1303.4000244140625,1303.5,1303.199951171875,1303.199951171875,11347,RELIANCE
2026-09-01 14:16:00+05:30,1303.0,1303.0,1303.4000244140625,1302.9000244140625,1303.0999755859375,22443,RELIANCE
2026-09-01 14:17:00+05:30,1303.0999755859375,1303.0999755859375,1303.0999755859375,1302.5,1302.9000244140625,9847,RELIANCE
2026-09-01 14:18:00+05:30,1302.5999755859375,1302.5999755859375,1303.199951171875,1302.5,1303.0999755859375,5577,RELIANCE
2026-09-01 14:19:00+05:30,1302.699951171875,1302.699951171875,1302.9000244140625,1302.5,1302.5,7656,RELIANCE
2026-09-01 14:20:00+05:30,1303.0,1303.0,1303.0,1302.5,1302.5999755859375,6789,RELIANCE
2026-09-01 14:21:00+05:30,1302.300048828125,1302.300048828125,1302.699951171875,1302.0999755859375,1302.699951171875,13343,RELIANCE
2026-09-01 14:22:00+05:30,1302.0,1302.0,1302.5,1302.0,1302.0999755859375,15697,RELIANCE
2026-09-01 14:23:00+05:30,1301.9000244140625,1301.9000244140625,1302.5,1301.9000244140625,1302.0999755859375,12043,RELIANCE
2026-09-01 14:24:00+05:30,1301.9000244140625,1301.9000244140625,1302.0,1301.9000244140625,1302.0,8750,RELIANCE
2026-09-01 14:25:00+05:30,1301.9000244140625,1301.9000244140625,1302.0,1301.5999755859375,1302.0,51147,RELIANCE
2026-09-01 14:26:00+05:30,1301.5999755859375,1301.5999755859375,1301.9000244140625,1301.5,1301.5999755859375,6735,RELIANCE
2026-09-01 14:27:00+05:30,1301.5999755859375,1301.5999755859375,1301.9000244140625,1301.5999755859375,1301.9000244140625,26809,RELIANCE
2026-09-01 14:28:00+05:30,1301.800048828125,1301.800048828125,1301.800048828125,1301.5999755859375,1301.699951171875,7413,RELIANCE
2026-09-01 14:29:00+05:30,1302.300048828125,1302.300048828125,1302.300048828125,1301.699951171875,1301.800048828125,14699,RELIANCE
2026-09-01 14:30:00+05:30,1302.300048828125,1302.300048828125,1302.9000244140625,1302.0999755859375,1302.4000244140625,32663,RELIANCE
2026-09-01 14:31:00+05:30,1302.4000244140625,1302.4000244140625,1302.5,1302.0999755859375,1302.0999755859375,6001,RELIANCE
2026-09-01 14:32:00+05:30,1302.9000244140625,1302.9000244140625,1302.9000244140625,1302.4000244140625,1302.4000244140625,6941,RELIANCE
2026-09-01 14:33:00+05:30,1302.300048828125,1302.300048828125,1302.9000244140625,1302.0999755859375,1302.800048828125,10696,RELIANCE
2026-09-01 14:34:00+05:30,1303.4000244140625,1303.4000244140625,1303.5,1302.4000244140625,1302.4000244140625,27909,RELIANCE
2026-09-01 14:35:00+05:30,1302.4000244140625,1302.4000244140625,1303.5,1302.4000244140625,1303.4000244140625,36004,RELIANCE
2026-09-01 14:36:00+05:30,1302.800048828125,1302.800048828125,1303.0999755859375,1302.4000244140625,1302.9000244140625,10738,RELIANCE
2026-09-01 14:37:00+05:30,1302.199951171875,1302.199951171875,1302.800048828125,1302.0,1302.800048828125,7877,RELIANCE
2026-09-01 14:38:00+05:30,1302.699951171875,1302.699951171875,1303.0,1302.0,1302.0999755859375,30924,RELIANCE
2026-09-01 14:39:00+05:30,1302.0,1302.0,1302.699951171875,1301.800048828125,1302.699951171875,30490,RELIANCE
2026-09-01 14:40:00+05:30,1302.4000244140625,1302.4000244140625,1302.5,1302.0,1302.4000244140625,7541,RELIANCE
2026-09-01 14:41:00+05:30,1302.300048828125,1302.300048828125,1302.4000244140625,1301.800048828125,1302.0,6800,RELIANCE
2026-09-01 14:42:00+05:30,1302.9000244140625,1302.9000244140625,1303.0,1302.300048828125,1302.300048828125,9124,RELIANCE
2026-09-01 14:43:00+05:30,1302.699951171875,1302.699951171875,1302.800048828125,1302.4000244140625,1302.800048828125,7200,RELIANCE
2026-09-01 14:44:00+05:30,1302.5999755859375,1302.5999755859375,1302.800048828125,1302.5999755859375,1302.699951171875,9529,RELIANCE
2026-09-01 14:45:00+05:30,1302.800048828125,1302.800048828125,1303.0,1302.5999755859375,1302.5999755859375,9416,RELIANCE
2026-09-01 14:46:00+05:30,1302.300048828125,1302.300048828125,1302.5999755859375,1302.0999755859375,1302.199951171875,12863,RELIANCE
2026-09-01 14:47:00+05:30,1302.0,1302.0,1302.4000244140625,1302.0,1302.300048828125,9800,RELIANCE
2026-09-01 14:48:00+05:30,1302.4000244140625,1302.4000244140625,1302.4000244140625,1301.9000244140625,1301.9000244140625,14848,RELIANCE
2026-09-01 14:49:00+05:30,1302.5999755859375,1302.5999755859375,1303.0,1302.0,1302.0999755859375,74151,RELIANCE
2026-09-01 14:50:00+05:30,1303.199951171875,1303.199951171875,1303.4000244140625,1302.5999755859375,1302.5999755859375,95707,RELIANCE
2026-09-01 14:51:00+05:30,1302.800048828125,1302.800048828125,1303.5,1302.5999755859375,1303.0,68324,RELIANCE
2026-09-01 14:52:00+05:30,1302.0,1302.0,1303.300048828125,1301.5999755859375,1303.0999755859375,53665,RELIANCE
2026-09-01 14:53:00+05:30,1302.699951171875,1302.699951171875,1302.699951171875,1301.9000244140625,1302.0,139355,RELIANCE
2026-09-01 14:54:00+05:30,1303.0999755859375,1303.0999755859375,1303.0999755859375,1302.199951171875,1302.699951171875,34140,RELIANCE
2026-09-01 14:55:00+05:30,1303.0,1303.0,1303.199951171875,1302.699951171875,1303.0999755859375,24641,RELIANCE
2026-09-01 14:56:00+05:30,1303.199951171875,1303.199951171875,1303.5,1302.9000244140625,1302.9000244140625,28419,RELIANCE
2026-09-01 14:57:00+05:30,1302.699951171875,1302.699951171875,1303.300048828125,1302.5,1303.199951171875,57092,RELIANCE
2026-09-01 14:58:00+05:30,1303.199951171875,1303.199951171875,1303.199951171875,1302.5,1302.699951171875,12469,RELIANCE
2026-09-01 14:59:00+05:30,1302.5,1302.5,1303.300048828125,1302.5,1302.9000244140625,28387,RELIANCE
2026-09-01 15:00:00+05:30,1302.0999755859375,1302.0999755859375,1302.699951171875,1302.0999755859375,1302.5999755859375,18530,RELIANCE
2026-09-01 15:01:00+05:30,1302.199951171875,1302.199951171875,1302.699951171875,1302.0999755859375,1302.0999755859375,19752,RELIANCE
2026-09-01 15:02:00+05:30,1302.199951171875,1302.199951171875,1302.699951171875,1302.0,1302.199951171875,21697,RELIANCE
2026-09-01 15:03:00+05:30,1302.199951171875,1302.199951171875,1302.4000244140625,1302.0,1302.300048828125,18772,RELIANCE
2026-09-01 15:04:00+05:30,1302.199951171875,1302.199951171875,1302.300048828125,1302.0999755859375,1302.0999755859375,24089,RELIANCE
2026-09-01 15:05:00+05:30,1302.800048828125,1302.800048828125,1302.800048828125,1301.9000244140625,1302.0,95475,RELIANCE
2026-09-01 15:06:00+05:30,1302.5999755859375,1302.5999755859375,1302.699951171875,1302.4000244140625,1302.699951171875,28825,RELIANCE
2026-09-01 15:07:00+05:30,1302.0999755859375,1302.0999755859375,1302.699951171875,1302.0,1302.5,44514,RELIANCE
2026-09-01 15:08:00+05:30,1301.9000244140625,1301.9000244140625,1303.0,1301.9000244140625,1302.5,52975,RELIANCE
2026-09-01 15:09:00+05:30,1302.0,1302.0,1302.800048828125,1301.699951171875,1302.199951171875,52198,RELIANCE
2026-09-01 15:10:00+05:30,1302.199951171875,1302.199951171875,1302.4000244140625,1301.9000244140625,1302.4000244140625,35884,RELIANCE
2026-09-01 15:11:00+05:30,1302.300048828125,1302.300048828125,1302.5,1302.0999755859375,1302.300048828125,39680,RELIANCE
2026-09-01 15:12:00+05:30,1302.699951171875,1302.699951171875,1302.699951171875,1302.0,1302.300048828125,57844,RELIANCE
2026-09-01 15:13:00+05:30,1301.9000244140625,1301.9000244140625,1303.0,1301.699951171875,1303.0,115263,RELIANCE
2026-09-01 15:14:00+05:30,1309.0,1309.0,1309.0,1302.0,1302.0999755859375,637752,RELIANCE
